City Name,city,cloudiness,country,date,humidity,latitude,longitude,max temp,wind speed,date only
huarmey,Huarmey,100,PE,2019-07-02 14:50:34,90,-10.07,-78.15,63.56,14.41,2019-07-02
new norfolk,New Norfolk,75,AU,2019-07-02 14:54:47,65,-42.78,147.06,46.99,4.7,2019-07-02
souillac,Souillac,0,FR,2019-07-02 14:52:06,47,45.6,-0.6,82.4,11.41,2019-07-02
naron,Naron,75,ES,2019-07-02 14:54:47,73,43.52,-8.15,69.8,10.29,2019-07-02
turbat,Turbat,1,PK,2019-07-02 14:54:47,66,26,63.05,86.24,11.97,2019-07-02
mar del plata,Mar del Plata,93,AR,2019-07-02 14:54:47,94,-46.43,-67.52,35.3,18.23,2019-07-02
georgetown,Georgetown,40,GY,2019-07-02 14:51:23,78,6.8,-58.16,86,13.87,2019-07-02
teahupoo,Teahupoo,100,PF,2019-07-02 14:54:47,83,-17.83,-149.27,73.4,1.12,2019-07-02
cheremukhovo,Cheremukhovo,23,RU,2019-07-02 14:54:48,72,56.23,46.23,70.76,2.26,2019-07-02
rikitea,Rikitea,100,PF,2019-07-02 14:54:48,75,-23.12,-134.97,69.32,21,2019-07-02
sorland,Sorland,75,NO,2019-07-02 14:54:48,76,67.67,12.69,50,11.41,2019-07-02
chuy,Chuy,96,UY,2019-07-02 14:54:48,67,-33.69,-53.46,51.5,16.24,2019-07-02
bethel,Bethel,90,US,2019-07-02 14:52:22,93,60.79,-161.76,51.8,12.75,2019-07-02
busselton,Busselton,15,AU,2019-07-02 14:54:48,62,-33.64,115.35,50,11.1,2019-07-02
butaritari,Butaritari,100,KI,2019-07-02 14:52:09,70,3.07,172.79,84.62,8.43,2019-07-02
mataura,Mataura,100,NZ,2019-07-02 14:54:49,80,-46.19,168.86,50,1.99,2019-07-02
kapaa,Kapaa,75,US,2019-07-02 14:54:49,78,22.08,-159.32,78.8,5.82,2019-07-02
jambi,Jambi,60,ID,2019-07-02 14:54:49,96,-1.6,103.62,75.62,1.68,2019-07-02
maturin,Maturin,0,VE,2019-07-02 14:54:49,58,9.75,-63.18,82.46,7.92,2019-07-02
baruun-urt,Baruun-Urt,34,MN,2019-07-02 14:54:49,55,46.68,113.28,63.92,3.62,2019-07-02
punta arenas,Punta Arenas,20,CL,2019-07-02 14:54:50,80,-53.16,-70.91,33.8,5.82,2019-07-02
hilo,Hilo,1,US,2019-07-02 14:54:50,78,19.71,-155.08,71.6,6.93,2019-07-02
klaksvik,Klaksvik,69,FO,2019-07-02 14:54:50,62,62.23,-6.59,51.8,18.34,2019-07-02
horsham,Horsham,0,AU,2019-07-02 14:54:50,94,-36.71,142.2,43.22,2.68,2019-07-02
lagoa,Lagoa,0,PT,2019-07-02 14:46:10,64,37.14,-8.45,79,10.29,2019-07-02
tigil,Tigil,85,RU,2019-07-02 14:54:51,90,57.8,158.67,47.9,5.3,2019-07-02
tuktoyaktuk,Tuktoyaktuk,75,CA,2019-07-02 14:54:51,87,69.44,-133.03,46.4,17.22,2019-07-02
atuona,Atuona,6,PF,2019-07-02 14:54:51,77,-9.8,-139.03,79.76,13.53,2019-07-02
jamestown,Jamestown,0,AU,2019-07-02 14:52:06,89,-33.21,138.6,46.64,3.22,2019-07-02
thompson,Thompson,75,CA,2019-07-02 14:52:10,76,55.74,-97.86,51.8,8.05,2019-07-02
qaanaaq,Qaanaaq,0,GL,2019-07-02 14:54:51,42,77.48,-69.36,49.34,3.02,2019-07-02
arraial do cabo,Arraial do Cabo,40,BR,2019-07-02 14:54:52,78,-22.97,-42.02,78.8,6.93,2019-07-02
okato,Okato,100,NZ,2019-07-02 14:54:52,88,-39.19,173.88,57.99,5.01,2019-07-02
alofi,Alofi,39,NU,2019-07-02 14:54:52,69,-19.06,-169.92,75.2,13.87,2019-07-02
jumla,Jumla,1,NP,2019-07-02 14:54:52,94,29.28,82.18,57.08,4.27,2019-07-02
komsomolskiy,Komsomolskiy,100,RU,2019-07-02 14:54:52,48,67.55,63.78,77.6,9.93,2019-07-02
pagudpud,Pagudpud,100,PH,2019-07-02 14:54:52,75,18.56,120.79,84.44,29.48,2019-07-02
east london,East London,0,ZA,2019-07-02 14:54:53,26,-33.02,27.91,71.6,8.05,2019-07-02
victoria,Victoria,75,BN,2019-07-02 14:54:53,78,5.28,115.24,82.4,4.7,2019-07-02
amarante,Amarante,0,PT,2019-07-02 14:54:53,77,41.27,-8.08,86,6.93,2019-07-02
hamilton,Hamilton,90,CA,2019-07-02 14:50:07,73,43.26,-79.87,78.01,5.82,2019-07-02
hermanus,Hermanus,100,ZA,2019-07-02 14:46:11,69,-34.42,19.24,64.99,14,2019-07-02
ushuaia,Ushuaia,75,AR,2019-07-02 14:46:11,86,-54.81,-68.31,33.8,4.7,2019-07-02
upernavik,Upernavik,7,GL,2019-07-02 14:54:54,86,72.79,-56.15,40.52,2.42,2019-07-02
albany,Albany,90,US,2019-07-02 14:52:20,68,42.65,-73.75,73,3.36,2019-07-02
port hedland,Port Hedland,32,AU,2019-07-02 14:54:54,59,-20.31,118.58,60.8,6.93,2019-07-02
cabo san lucas,Cabo San Lucas,40,MX,2019-07-02 14:50:57,78,22.89,-109.91,80.01,2.44,2019-07-02
santa rosa,Santa Rosa,99,AR,2019-07-02 14:51:45,39,-36.62,-64.29,55.1,26.75,2019-07-02
port-gentil,Port-Gentil,40,GA,2019-07-02 14:54:54,74,-0.72,8.78,78.8,17.22,2019-07-02
nikolskoye,Nikolskoye,75,RU,2019-07-02 14:54:55,77,59.7,30.79,66,8.95,2019-07-02
bluff,Bluff,90,AU,2019-07-02 14:54:55,67,-23.58,149.07,63.56,7.29,2019-07-02
mahebourg,Mahebourg,40,MU,2019-07-02 14:54:55,64,-20.41,57.7,73.4,10.29,2019-07-02
bredasdorp,Bredasdorp,94,ZA,2019-07-02 14:52:24,45,-34.53,20.04,68,25.28,2019-07-02
avarua,Avarua,49,CK,2019-07-02 14:52:58,68,-21.21,-159.78,69.8,10.29,2019-07-02
bambous virieux,Bambous Virieux,40,MU,2019-07-02 14:54:55,64,-20.34,57.76,73.4,10.29,2019-07-02
huilong,Huilong,79,CN,2019-07-02 14:54:56,60,31.15,106.5,79.22,1.88,2019-07-02
vostok,Vostok,86,RU,2019-07-02 14:52:33,96,46.45,135.83,55.82,2.66,2019-07-02
tuatapere,Tuatapere,100,NZ,2019-07-02 14:54:56,80,-46.13,167.69,50,1.99,2019-07-02
hobart,Hobart,75,AU,2019-07-02 14:54:56,65,-42.88,147.33,46.99,4.7,2019-07-02
carnarvon,Carnarvon,0,ZA,2019-07-02 14:54:56,38,-30.97,22.13,51.32,13.69,2019-07-02
tineo,Tineo,75,ES,2019-07-02 14:54:56,93,43.34,-6.41,66.99,6.93,2019-07-02
robe,Robe,100,ET,2019-07-02 14:54:57,90,7.12,40.01,56.18,2.48,2019-07-02
henties bay,Henties Bay,0,NA,2019-07-02 14:54:57,64,-22.12,14.28,64.99,11.99,2019-07-02
mount gambier,Mount Gambier,27,AU,2019-07-02 14:54:57,76,-37.83,140.78,55.64,7.36,2019-07-02
faanui,Faanui,93,PF,2019-07-02 14:54:57,81,-16.48,-151.75,77.6,31.61,2019-07-02
peterhead,Peterhead,20,AU,2019-07-02 14:54:57,93,-34.83,138.5,53.01,5.82,2019-07-02
cidreira,Cidreira,0,BR,2019-07-02 14:52:24,52,-30.17,-50.22,58.34,5.26,2019-07-02
halifax,Halifax,75,CA,2019-07-02 14:54:03,72,44.65,-63.58,68,18.34,2019-07-02
severo-kurilsk,Severo-Kurilsk,100,RU,2019-07-02 14:54:58,95,50.68,156.12,41.96,3.89,2019-07-02
havre-saint-pierre,Havre-Saint-Pierre,1,CA,2019-07-02 14:50:13,67,50.23,-63.6,62.6,10.29,2019-07-02
cananea,Cananea,1,MX,2019-07-02 14:54:58,38,30.98,-110.3,79,3.36,2019-07-02
luangwa,Luangwa,7,MZ,2019-07-02 14:54:58,29,-15.62,30.4,81.2,4.56,2019-07-02
kaitangata,Kaitangata,100,NZ,2019-07-02 14:54:59,60,-46.28,169.85,52,1.99,2019-07-02
port alfred,Port Alfred,0,ZA,2019-07-02 14:54:07,44,-33.59,26.89,66.99,8.01,2019-07-02
vaini,Vaini,100,IN,2019-07-02 14:54:59,85,15.34,74.49,78.32,6.15,2019-07-02
mandera,Mandera,65,ET,2019-07-02 14:54:59,29,3.94,41.86,90.56,17.31,2019-07-02
bay roberts,Bay Roberts,75,CA,2019-07-02 14:52:40,78,47.58,-53.28,71.6,6.93,2019-07-02
port hardy,Port Hardy,90,CA,2019-07-02 14:54:59,93,50.7,-127.42,55.4,2.24,2019-07-02
ribeira grande,Ribeira Grande,75,PT,2019-07-02 14:55:00,88,38.52,-28.7,73.4,9.17,2019-07-02
quelimane,Quelimane,20,MZ,2019-07-02 14:55:00,70,-17.88,36.89,84.2,8.05,2019-07-02
pevek,Pevek,52,RU,2019-07-02 14:55:00,94,69.7,170.27,35.12,8.3,2019-07-02
barrow,Barrow,0,AR,2019-07-02 14:55:00,43,-38.31,-60.23,49.16,22.68,2019-07-02
puerto ayora,Puerto Ayora,40,EC,2019-07-02 14:55:00,73,-0.74,-90.35,75.2,16.11,2019-07-02
port moresby,Port Moresby,76,PG,2019-07-02 14:55:01,80,-9.47,147.16,76.16,16.89,2019-07-02
winkler,Winkler,1,CA,2019-07-02 14:55:01,64,49.19,-97.94,77,14.99,2019-07-02
ahipara,Ahipara,97,NZ,2019-07-02 14:55:01,90,-35.17,173.16,61.04,12.91,2019-07-02
khatanga,Khatanga,82,RU,2019-07-02 14:55:01,39,71.98,102.47,59.42,4.25,2019-07-02
leningradskiy,Leningradskiy,85,RU,2019-07-02 14:55:01,99,69.38,178.42,36.02,2.82,2019-07-02
kapuskasing,Kapuskasing,20,CA,2019-07-02 14:55:02,53,49.42,-82.43,71.6,2.24,2019-07-02
hendek,Hendek,0,TR,2019-07-02 14:55:02,54,40.8,30.75,84.2,10.29,2019-07-02
el alto,El Alto,20,BO,2019-07-02 14:55:02,45,-16.5,-68.19,48.2,2.24,2019-07-02
porto torres,Porto Torres,0,IT,2019-07-02 14:55:02,55,40.84,8.4,89.6,9.17,2019-07-02
hirara,Hirara,100,JP,2019-07-02 14:55:03,83,24.8,125.28,84.08,22.41,2019-07-02
iqaluit,Iqaluit,5,CA,2019-07-02 14:52:28,65,63.75,-68.52,46.4,4.7,2019-07-02
lavrentiya,Lavrentiya,100,RU,2019-07-02 14:55:03,96,65.58,-170.99,43.22,5.46,2019-07-02
dikson,Dikson,100,RU,2019-07-02 14:55:03,99,73.51,80.55,42.14,8.08,2019-07-02
koshurnikovo,Koshurnikovo,100,RU,2019-07-02 14:55:03,93,54.3,93.39,52.58,1.59,2019-07-02
roma,Rome,0,IT,2019-07-02 14:53:01,33,41.89,12.48,96.8,9.17,2019-07-02
cape town,Cape Town,75,ZA,2019-07-02 14:51:42,93,-33.93,18.42,57.99,19.46,2019-07-02
pundaguitan,Pundaguitan,100,PH,2019-07-02 14:55:04,82,6.37,126.17,80.84,11.14,2019-07-02
qaqortoq,Qaqortoq,75,GL,2019-07-02 14:55:04,93,60.72,-46.03,44.6,5.82,2019-07-02
airai,Airai,9,TL,2019-07-02 14:52:35,82,-8.93,125.41,70.76,4.29,2019-07-02
kodiak,Kodiak,1,US,2019-07-02 14:55:04,45,39.95,-94.76,82.99,4.7,2019-07-02
marsa matruh,Marsa Matruh,0,EG,2019-07-02 14:55:04,69,31.35,27.25,82.4,10.29,2019-07-02
littleton,Littleton,40,US,2019-07-02 14:50:35,77,39.61,-105.02,72,10.29,2019-07-02
cortez,Cortez,1,US,2019-07-02 14:55:05,49,37.35,-108.58,73,3.36,2019-07-02
tiksi,Tiksi,100,RU,2019-07-02 14:55:05,94,71.64,128.87,35.66,14.23,2019-07-02
stawell,Stawell,0,AU,2019-07-02 14:55:05,92,-37.06,142.77,43.4,2.42,2019-07-02
berlevag,Berlevag,75,NO,2019-07-02 14:55:05,71,70.86,29.09,55.4,3.36,2019-07-02
haines junction,Haines Junction,98,CA,2019-07-02 14:55:05,80,60.75,-137.51,58.88,4.21,2019-07-02
viedma,Viedma,78,AR,2019-07-02 14:52:07,58,-40.81,-62.99,47,26.73,2019-07-02
poronaysk,Poronaysk,100,RU,2019-07-02 14:55:06,95,49.22,143.1,46.28,2.21,2019-07-02
sola,Sola,0,TZ,2019-07-02 14:55:06,22,-3.17,33.8,84.8,8.14,2019-07-02
coquimbo,Coquimbo,0,CL,2019-07-02 14:55:06,81,-29.95,-71.34,48.2,5.82,2019-07-02
tonkino,Tonkino,61,RU,2019-07-02 14:55:06,83,57.37,46.46,66.08,6.67,2019-07-02
alice springs,Alice Springs,0,AU,2019-07-02 14:55:00,34,-23.7,133.88,51.8,5.82,2019-07-02
nelson bay,Nelson Bay,0,AU,2019-07-02 14:55:06,100,-32.72,152.14,55.99,5.82,2019-07-02
ocos,Ocos,40,GT,2019-07-02 14:55:07,69,14.51,-92.19,82.4,3.78,2019-07-02
santa lucia,Santa Lucia,0,IT,2019-07-02 14:55:07,33,41.98,12.66,96.8,9.17,2019-07-02
bodden town,Bodden Town,20,KY,2019-07-02 14:55:07,70,19.28,-81.25,87.8,8.05,2019-07-02
grindavik,Grindavik,75,IS,2019-07-02 14:55:07,58,63.84,-22.43,55.4,4.7,2019-07-02
adre,Adre,0,TD,2019-07-02 14:55:07,37,13.47,22.2,90.02,9.6,2019-07-02
jieshi,Jieshi,100,CN,2019-07-02 14:55:08,90,22.82,115.83,79.58,3.4,2019-07-02
vanderhoof,Vanderhoof,43,CA,2019-07-02 14:55:08,50,54.02,-124.02,56.36,0.38,2019-07-02
myaundzha,Myaundzha,100,RU,2019-07-02 14:55:08,78,63.05,147.18,51.32,4.18,2019-07-02
rocha,Rocha,100,UY,2019-07-02 14:55:08,64,-34.48,-54.34,52.4,17.63,2019-07-02
osakarovka,Osakarovka,100,KZ,2019-07-02 14:55:08,67,50.56,72.58,65.72,13.49,2019-07-02
evensk,Evensk,100,RU,2019-07-02 14:55:08,97,61.92,159.24,47.9,6.96,2019-07-02
zhob,Zhob,0,PK,2019-07-02 14:55:09,22,31.34,69.45,85.88,11.68,2019-07-02
funadhoo,Funadhoo,90,MV,2019-07-02 14:55:09,73,6.15,73.27,83.54,11.3,2019-07-02
codrington,Codrington,75,AU,2019-07-02 14:55:09,93,-28.95,153.24,55.99,3.44,2019-07-02
constitucion,Constitucion,5,MX,2019-07-02 14:55:09,59,23.99,-104.67,66,4.7,2019-07-02
yellowknife,Yellowknife,75,CA,2019-07-02 14:55:09,66,62.45,-114.38,55.4,19.46,2019-07-02
deep river,Deep River,1,CA,2019-07-02 14:55:10,69,46.1,-77.49,78.01,3.36,2019-07-02
kangaatsiaq,Kangaatsiaq,15,GL,2019-07-02 14:55:10,61,68.31,-53.46,41.78,16.13,2019-07-02
troutdale,Troutdale,90,US,2019-07-02 14:55:10,82,45.53,-122.39,61,4.7,2019-07-02
nantucket,Nantucket,1,US,2019-07-02 14:55:10,73,41.28,-70.1,78.01,9.17,2019-07-02
yumen,Yumen,100,CN,2019-07-02 14:55:10,12,40.29,97.04,87.5,9.71,2019-07-02
laranjeiras do sul,Laranjeiras do Sul,100,BR,2019-07-02 14:50:18,86,-25.41,-52.42,68.42,6.31,2019-07-02
kondinskoye,Kondinskoye,0,RU,2019-07-02 14:55:11,52,59.65,67.41,74,10.42,2019-07-02
nioro,Nioro,0,GM,2019-07-02 14:55:11,39,13.79,-15.05,96.68,5.97,2019-07-02
college,College,1,US,2019-07-02 14:55:11,87,64.86,-147.8,53.6,5.82,2019-07-02
longyearbyen,Longyearbyen,75,NO,2019-07-02 14:55:11,70,78.22,15.63,46.4,19.46,2019-07-02
patti,Patti,28,IN,2019-07-02 14:55:12,39,31.28,74.86,98.6,5.82,2019-07-02
ipilan,Ipilan,100,PH,2019-07-02 14:55:12,72,8.84,117.9,81.74,5.68,2019-07-02
teknaf,Teknaf,100,BD,2019-07-02 14:55:12,91,20.86,92.31,81.74,22.91,2019-07-02
ugoofaaru,Ugoofaaru,100,MV,2019-07-02 14:54:22,71,5.67,73,84.08,11.14,2019-07-02
torbay,Torbay,75,CA,2019-07-02 14:52:13,88,47.66,-52.73,71.6,13.87,2019-07-02
porto empedocle,Porto Empedocle,20,IT,2019-07-02 14:55:12,65,37.29,13.53,88,10.29,2019-07-02
piopio,Piopio,40,CL,2019-07-02 14:55:13,87,-42.79,-73.57,44.6,3.36,2019-07-02
beringovskiy,Beringovskiy,100,RU,2019-07-02 14:55:13,95,63.05,179.32,43.76,3.56,2019-07-02
luena,Luena,0,AO,2019-07-02 14:55:13,39,-11.78,19.91,80.6,9.17,2019-07-02
torata,Torata,90,EC,2019-07-02 14:55:13,94,-3.6,-79.89,89.6,4.7,2019-07-02
norman wells,Norman Wells,90,CA,2019-07-02 14:55:13,82,65.28,-126.83,57.2,4.7,2019-07-02
namatanai,Namatanai,69,PG,2019-07-02 14:55:14,85,-3.66,152.44,78.5,15.75,2019-07-02
olavarria,Olavarria,0,AR,2019-07-02 14:55:14,64,-36.89,-60.32,51.01,5.01,2019-07-02
richards bay,Richards Bay,0,ZA,2019-07-02 14:55:14,50,-28.77,32.06,68.24,8.59,2019-07-02
laguna,Laguna,75,BZ,2019-07-02 14:55:14,79,16.17,-88.94,86,5.3,2019-07-02
sulangan,Sulangan,95,PH,2019-07-02 14:55:14,71,11.14,123.72,83.54,5.68,2019-07-02
suez,Suez,0,EG,2019-07-02 14:55:15,20,29.97,32.54,94.88,21.94,2019-07-02
ponta do sol,Ponta do Sol,22,BR,2019-07-02 14:55:15,40,-20.63,-46,75.98,3.22,2019-07-02
qena,Qena,0,EG,2019-07-02 14:55:15,25,26.16,32.72,107.6,9.17,2019-07-02
ronneby,Ronneby,20,SE,2019-07-02 14:55:15,72,56.21,15.28,62.01,14.99,2019-07-02
poddorye,Poddorye,9,RU,2019-07-02 14:55:15,81,57.47,31.12,65,7.49,2019-07-02
kruisfontein,Kruisfontein,87,ZA,2019-07-02 14:55:16,50,-34,24.73,63.02,8.95,2019-07-02
ixtapa,Ixtapa,40,MX,2019-07-02 14:55:16,78,20.71,-105.21,84,4.27,2019-07-02
twin falls,Twin Falls,1,US,2019-07-02 14:55:16,55,42.57,-114.46,66.99,12.75,2019-07-02
yulara,Yulara,0,AU,2019-07-02 14:55:16,37,-25.24,130.99,50,3.36,2019-07-02
thinadhoo,Thinadhoo,100,MV,2019-07-02 14:55:17,69,0.53,72.93,84.44,8.16,2019-07-02
skibbereen,Skibbereen,75,IE,2019-07-02 14:55:17,72,51.55,-9.27,60.8,8.05,2019-07-02
imeni zhelyabova,Imeni Zhelyabova,0,RU,2019-07-02 14:55:17,55,58.95,36.6,67.52,10.69,2019-07-02
chokurdakh,Chokurdakh,100,RU,2019-07-02 14:55:17,80,70.62,147.9,41.78,8.34,2019-07-02
macamic,Macamic,20,CA,2019-07-02 14:55:17,60,48.75,-79,73.4,5.82,2019-07-02
jaisalmer,Jaisalmer,0,IN,2019-07-02 14:55:18,22,26.91,70.91,104.06,10.56,2019-07-02
wladyslawowo,Wladyslawowo,0,PL,2019-07-02 14:55:18,51,54.79,18.4,66.99,25.28,2019-07-02
kasese,Kasese,0,UG,2019-07-02 14:55:18,47,0.17,30.09,83.36,1.3,2019-07-02
atasu,Atasu,100,KZ,2019-07-02 14:55:18,47,48.68,71.64,70.94,8.05,2019-07-02
sicamous,Sicamous,75,CA,2019-07-02 14:55:18,87,50.84,-118.99,63,6.93,2019-07-02
gonen,Gonen,20,IL,2019-07-02 14:55:18,27,33.12,35.65,87.8,16.11,2019-07-02
floro,Floro,75,NO,2019-07-02 14:55:19,76,61.6,5.03,50,21.92,2019-07-02
hualmay,Hualmay,66,PE,2019-07-02 14:55:19,89,-11.1,-77.61,63.2,13.78,2019-07-02
namibe,Namibe,0,AO,2019-07-02 14:55:19,73,-15.19,12.15,69.8,8.05,2019-07-02
tula,Tula,0,RU,2019-07-02 14:55:19,75,54.19,37.62,66.44,12.62,2019-07-02
hithadhoo,Hithadhoo,100,MV,2019-07-02 14:55:19,70,-0.6,73.08,84.44,8.32,2019-07-02
ketchikan,Ketchikan,90,US,2019-07-02 14:55:20,93,55.34,-131.65,59,7.31,2019-07-02
montana,Montana,0,BG,2019-07-02 14:55:20,41,43.41,23.22,87.86,3.33,2019-07-02
castro,Castro,75,CL,2019-07-02 14:55:20,100,-42.48,-73.76,39.2,4.7,2019-07-02
lardos,Lardos,0,GR,2019-07-02 14:54:38,69,36.09,28.02,82,18.34,2019-07-02
nicoya,Nicoya,20,CR,2019-07-02 14:55:20,62,10.15,-85.45,86,17.22,2019-07-02
teguldet,Teguldet,56,RU,2019-07-02 14:55:20,52,57.31,88.17,74.54,5.64,2019-07-02
coldwater,Coldwater,40,US,2019-07-02 14:51:40,74,41.94,-85,84.99,6.93,2019-07-02
griffith,Griffith,5,AU,2019-07-02 14:55:21,100,-34.29,146.06,42.8,4.68,2019-07-02
necochea,Necochea,0,AR,2019-07-02 14:55:21,67,-38.55,-58.74,48.99,11.01,2019-07-02
harindanga,Harindanga,75,IN,2019-07-02 14:55:21,94,22.04,88.32,80.6,8.05,2019-07-02
muros,Muros,75,ES,2019-07-02 14:55:21,77,42.77,-9.06,88,9.17,2019-07-02
statesville,Statesville,1,US,2019-07-02 14:55:09,58,35.78,-80.89,90,2.48,2019-07-02
nanortalik,Nanortalik,100,GL,2019-07-02 14:55:22,98,60.14,-45.24,34.58,6.17,2019-07-02
port elizabeth,Port Elizabeth,1,US,2019-07-02 14:55:22,61,39.31,-74.98,86,8.05,2019-07-02
flinders,Flinders,0,AU,2019-07-02 14:55:22,45,-34.58,150.85,55.99,8.05,2019-07-02
bethanien,Bethanien,0,NA,2019-07-02 14:55:22,16,-26.5,17.16,65.36,10.02,2019-07-02
buchanan,Buchanan,75,LR,2019-07-02 14:55:22,79,5.88,-10.05,84.2,9.17,2019-07-02
cayenne,Cayenne,100,GF,2019-07-02 14:55:23,83,4.94,-52.33,80.6,2.24,2019-07-02
hami,Hami,30,CN,2019-07-02 14:55:23,13,42.84,93.51,93.08,10.8,2019-07-02
kahului,Kahului,75,US,2019-07-02 14:55:05,78,20.89,-156.47,73.99,16.71,2019-07-02
caala,Caala,0,AO,2019-07-02 14:55:23,22,-12.85,15.56,77,10.29,2019-07-02
redwater,Redwater,90,CA,2019-07-02 14:55:23,81,53.95,-113.11,51.01,10.29,2019-07-02
poum,Poum,0,MK,2019-07-02 14:52:10,35,41.28,20.71,86,4.7,2019-07-02
lincoln,Lincoln,1,US,2019-07-02 14:55:23,74,40.8,-96.67,84,9.17,2019-07-02
ponta delgada,Ponta Delgada,40,PT,2019-07-02 14:54:35,83,37.73,-25.67,71.6,13.87,2019-07-02
fairbanks,Fairbanks,1,US,2019-07-02 14:55:24,87,64.84,-147.72,53.01,5.82,2019-07-02
san patricio,San Patricio,100,PY,2019-07-02 14:55:24,83,-26.98,-56.83,59.6,3.15,2019-07-02
sosva,Sosva,89,RU,2019-07-02 14:55:24,69,59.17,61.86,68.06,6.08,2019-07-02
vestmannaeyjar,Vestmannaeyjar,75,IS,2019-07-02 14:55:24,71,63.44,-20.27,51.8,11.41,2019-07-02
cabedelo,Cabedelo,75,BR,2019-07-02 14:55:24,65,-6.97,-34.84,82.4,6.93,2019-07-02
hofn,Hofn,71,IS,2019-07-02 14:55:25,83,64.25,-15.21,41.06,10.27,2019-07-02
fortuna,Fortuna,90,US,2019-07-02 14:55:25,93,40.6,-124.16,59,8.05,2019-07-02
hammerfest,Hammerfest,75,NO,2019-07-02 14:55:25,81,70.66,23.68,48.2,14.99,2019-07-02
uyuni,Uyuni,0,BO,2019-07-02 14:55:25,34,-20.46,-66.82,47.36,17.31,2019-07-02
otofuke,Otofuke,7,JP,2019-07-02 14:55:25,93,43.02,143.2,58.16,4.05,2019-07-02
bara,Bara,100,NG,2019-07-02 14:55:26,40,10.41,10.6,95.06,9.48,2019-07-02
sitka,Sitka,100,US,2019-07-02 14:55:26,59,37.17,-99.65,78.32,7.92,2019-07-02
biak,Biak,100,ID,2019-07-02 14:55:26,96,-0.91,122.88,62.66,2.13,2019-07-02
san cristobal,San Cristobal,5,HN,2019-07-02 14:55:26,57,14.68,-86.92,76.7,9.53,2019-07-02
salina,Salina,1,US,2019-07-02 14:55:26,69,38.84,-97.61,82.99,9.17,2019-07-02
nome,Nome,90,US,2019-07-02 14:55:27,94,30.04,-94.42,88,2.8,2019-07-02
aripuana,Aripuana,0,BR,2019-07-02 14:55:27,36,-9.17,-60.63,90.38,4.5,2019-07-02
saint-philippe,Saint-Philippe,1,CA,2019-07-02 14:55:27,57,45.36,-73.48,79,3.36,2019-07-02
lagos,Lagos,75,NG,2019-07-02 14:54:27,74,6.46,3.39,86,6.93,2019-07-02
loandjili,Loandjili,75,CG,2019-07-02 14:55:27,78,-4.77,11.87,72.74,5.26,2019-07-02
mehamn,Mehamn,100,NO,2019-07-02 14:55:27,96,71.03,27.85,44.48,6.33,2019-07-02
daoukro,Daoukro,91,CI,2019-07-02 14:55:28,64,7.06,-3.97,85.7,3.31,2019-07-02
luanda,Luanda,0,AO,2019-07-02 14:55:28,78,-8.83,13.24,75.2,9.17,2019-07-02
japura,Japura,13,ID,2019-07-02 14:55:28,94,-0.42,102.29,76.34,2.15,2019-07-02
narsaq,Narsaq,75,GL,2019-07-02 14:55:28,93,60.91,-46.05,44.6,5.82,2019-07-02
luderitz,Luderitz,0,NA,2019-07-02 14:52:22,75,-26.65,15.16,57.08,22.97,2019-07-02
bubaque,Bubaque,65,GW,2019-07-02 14:55:28,82,11.28,-15.83,81.02,11.23,2019-07-02
keffi,Keffi,75,NG,2019-07-02 14:55:29,66,8.85,7.88,84.2,4.7,2019-07-02
pemberton,Pemberton,69,AU,2019-07-02 14:55:29,95,-34.44,116.03,50,1.9,2019-07-02
la rioja,La Rioja,0,AR,2019-07-02 14:55:29,32,-29.41,-66.86,56.9,4.27,2019-07-02
salalah,Salalah,90,OM,2019-07-02 14:55:29,89,17.01,54.1,84.2,12.75,2019-07-02
ceuta,Ceuta,0,MX,2019-07-02 14:55:29,71,23.9,-106.93,84.99,3,2019-07-02
port blair,Port Blair,100,IN,2019-07-02 14:55:30,81,11.67,92.75,84.08,22.91,2019-07-02
umm kaddadah,Umm Kaddadah,72,SD,2019-07-02 14:55:30,34,13.6,26.69,93.08,17.09,2019-07-02
pacific grove,Pacific Grove,1,US,2019-07-02 14:55:30,87,36.62,-121.92,60.01,11.03,2019-07-02
srednekolymsk,Srednekolymsk,100,RU,2019-07-02 14:55:30,60,67.46,153.71,57.08,15.37,2019-07-02
bilma,Bilma,0,NE,2019-07-02 14:55:31,8,18.69,12.92,107.66,4.03,2019-07-02
taunggyi,Taunggyi,87,MM,2019-07-02 14:55:27,88,20.78,97.03,68.06,5.28,2019-07-02
san quintin,San Quintin,100,PH,2019-07-02 14:55:31,91,17.54,120.52,75.8,2.93,2019-07-02
atar,Atar,0,MR,2019-07-02 14:55:31,8,20.52,-13.05,112.16,8.48,2019-07-02
ilheus,Ilheus,40,BR,2019-07-02 14:55:31,83,-14.79,-39.05,80.6,5.82,2019-07-02
brae,Brae,4,GB,2019-07-02 14:55:31,67,60.4,-1.35,57.2,19.46,2019-07-02
iisalmi,Iisalmi,90,FI,2019-07-02 14:55:32,72,63.56,27.19,62.6,2.24,2019-07-02
andra,Andra,0,RU,2019-07-02 14:55:32,46,62.52,65.89,77.24,9.46,2019-07-02
sambava,Sambava,100,MG,2019-07-02 14:55:32,81,-14.27,50.17,69.86,2.24,2019-07-02
kedrovyy,Kedrovyy,40,RU,2019-07-02 14:55:32,82,56.17,91.82,64.4,4.47,2019-07-02
villanueva de la serena,Villanueva de la Serena,0,ES,2019-07-02 14:55:32,24,38.97,-5.8,91.99,5.99,2019-07-02
saint george,Saint George,0,GR,2019-07-02 14:55:33,33,39.45,22.34,95,12.75,2019-07-02
fare,Fare,95,PF,2019-07-02 14:55:33,80,-16.7,-151.02,76.88,30.76,2019-07-02
saskylakh,Saskylakh,18,RU,2019-07-02 14:55:33,69,71.97,114.09,43.94,9.86,2019-07-02
cherskiy,Cherskiy,100,RU,2019-07-02 14:55:33,80,68.75,161.3,41.78,12.44,2019-07-02
waingapu,Waingapu,29,ID,2019-07-02 14:55:33,89,-9.65,120.26,71.3,10.92,2019-07-02
solone,Solone,20,UA,2019-07-02 14:55:33,34,48.2,34.88,93.2,8.95,2019-07-02
bathsheba,Bathsheba,20,BB,2019-07-02 14:55:34,66,13.22,-59.52,86,20.8,2019-07-02
aranda de duero,Aranda de Duero,25,ES,2019-07-02 14:55:34,37,41.67,-3.69,82.82,13.4,2019-07-02
bayji,Bayji,0,IQ,2019-07-02 14:55:34,5,34.93,43.49,104.24,12.59,2019-07-02
ossora,Ossora,70,RU,2019-07-02 14:55:34,93,59.24,163.07,47.36,1.43,2019-07-02
rodos,Rodos,0,GR,2019-07-02 14:51:00,69,36.44,28.22,82.4,18.34,2019-07-02
talnakh,Talnakh,0,RU,2019-07-02 14:55:34,18,69.49,88.39,73.4,6.71,2019-07-02
clyde river,Clyde River,90,CA,2019-07-02 14:55:35,93,70.47,-68.59,37.4,23.04,2019-07-02
mount isa,Mount Isa,0,AU,2019-07-02 14:55:35,27,-20.73,139.49,62.6,9.17,2019-07-02
murgab,Murgab,0,TM,2019-07-02 14:55:35,32,37.5,61.97,84.2,16.11,2019-07-02
vila franca do campo,Vila Franca do Campo,40,PT,2019-07-02 14:55:35,83,37.72,-25.43,71.6,13.87,2019-07-02
peniche,Peniche,75,PT,2019-07-02 14:55:35,68,39.36,-9.38,73.4,12.75,2019-07-02
sidvokodvo,Sidvokodvo,0,SZ,2019-07-02 14:55:35,17,-26.63,31.42,73.4,4.7,2019-07-02
massakory,Massakory,61,TD,2019-07-02 14:55:36,33,13,15.73,98.12,8.1,2019-07-02
caravelas,Caravelas,0,BR,2019-07-02 14:55:36,69,-17.73,-39.27,80.3,8.34,2019-07-02
algiers,Algiers,1,US,2019-07-02 14:55:36,70,29.94,-90.04,88,3.76,2019-07-02
okhotsk,Okhotsk,100,RU,2019-07-02 14:55:36,90,59.36,143.24,47.72,14.79,2019-07-02
makakilo city,Makakilo City,1,US,2019-07-02 14:55:36,100,21.35,-158.09,78.8,3.36,2019-07-02
paka,Paka,100,CF,2019-07-02 14:55:36,92,4.15,15.03,77.42,2.06,2019-07-02
kohima,Kohima,62,IN,2019-07-02 14:55:37,99,25.66,94.1,64.64,3.22,2019-07-02
lingao,Lingao,91,CN,2019-07-02 14:55:37,81,19.91,109.69,85.88,26.08,2019-07-02
nurota,Nurota,100,UZ,2019-07-02 14:55:37,30,40.56,65.69,82.4,9.17,2019-07-02
les cayes,Les Cayes,64,HT,2019-07-02 14:55:37,81,18.19,-73.75,81.2,13.65,2019-07-02
fuxin,Fuxin,0,CN,2019-07-02 14:55:37,72,42.02,121.65,65.36,6.35,2019-07-02
zhigansk,Zhigansk,86,RU,2019-07-02 14:55:38,70,66.77,123.37,47,21.47,2019-07-02
oda,Oda,100,JP,2019-07-02 14:54:26,86,35.19,132.5,71.84,6.4,2019-07-02
najran,Najran,40,SA,2019-07-02 14:55:38,10,17.54,44.22,102.2,6.93,2019-07-02
channel-port aux basques,Channel-Port aux Basques,100,CA,2019-07-02 14:55:38,93,47.57,-59.14,51.5,8.52,2019-07-02
sept-iles,Sept-Iles,75,CA,2019-07-02 14:55:38,67,50.2,-66.38,62.6,12.75,2019-07-02
port macquarie,Port Macquarie,75,AU,2019-07-02 14:55:38,93,-31.43,152.91,51.01,2.1,2019-07-02
gat,Gat,0,SN,2019-07-02 14:55:39,55,14.69,-16.54,87.8,13.87,2019-07-02
tasiilaq,Tasiilaq,90,GL,2019-07-02 14:55:36,81,65.61,-37.64,44.6,31.09,2019-07-02
wedi,Wedi,25,ID,2019-07-02 14:55:39,88,-7.2,111.9,73.64,5.23,2019-07-02
balkanabat,Balkanabat,0,TM,2019-07-02 14:55:39,36,39.51,54.36,80.3,18.45,2019-07-02
ancud,Ancud,75,CL,2019-07-02 14:55:39,100,-41.87,-73.83,39.2,4.7,2019-07-02
boa vista,Boa Vista,90,BR,2019-07-02 14:53:09,88,2.82,-60.67,78.8,6.93,2019-07-02
pisco,Pisco,90,PE,2019-07-02 14:52:46,30,-13.71,-76.2,71.6,9.17,2019-07-02
acari,Acari,2,BR,2019-07-02 14:55:40,28,-6.44,-36.64,90.74,9.78,2019-07-02
palu,Palu,77,ID,2019-07-02 14:55:40,92,-0.9,119.87,74.9,2.44,2019-07-02
san nicolas,San Nicolas,75,PH,2019-07-02 14:55:40,78,13.93,120.95,82.4,2.24,2019-07-02
provideniya,Provideniya,100,RU,2019-07-02 14:52:48,97,64.42,-173.23,43.04,2.77,2019-07-02
manado,Manado,40,ID,2019-07-02 14:55:40,94,1.49,124.85,73.4,3.36,2019-07-02
menongue,Menongue,11,AO,2019-07-02 14:55:41,15,-14.66,17.68,77.42,9.71,2019-07-02
kimparana,kimparana,28,ML,2019-07-02 14:55:41,21,12.83,-4.92,103.88,6.78,2019-07-02
emboscada,Emboscada,90,PY,2019-07-02 14:55:41,87,-25.13,-57.35,60.8,8.05,2019-07-02
portree,Portree,77,GB,2019-07-02 14:55:41,56,57.41,-6.19,57.99,17,2019-07-02
kassala,Kassala,0,SD,2019-07-02 14:55:41,24,15.45,36.38,99.38,8.28,2019-07-02
lompoc,Lompoc,90,US,2019-07-02 14:55:41,93,34.64,-120.46,62.6,3.36,2019-07-02
batemans bay,Batemans Bay,0,AU,2019-07-02 14:55:42,92,-35.71,150.18,45,1.99,2019-07-02
fuyang,Fuyang,80,CN,2019-07-02 14:55:42,53,32.89,115.81,79.22,5.88,2019-07-02
marystown,Marystown,98,CA,2019-07-02 14:55:42,97,47.17,-55.16,57.62,8.37,2019-07-02
solsona,Solsona,62,ES,2019-07-02 14:55:42,29,41.99,1.52,93.99,8.01,2019-07-02
zonguldak,Zonguldak,0,TR,2019-07-02 14:55:43,51,41.25,31.83,81,12.75,2019-07-02
ilebo,Ilebo,100,CD,2019-07-02 14:55:43,20,-4.33,20.59,93.26,3.47,2019-07-02
mana,Mana,2,NG,2019-07-02 14:55:43,36,13.03,5.27,97.4,8.9,2019-07-02
valenza,Valenza,0,IT,2019-07-02 14:55:43,66,45.01,8.65,97,5.82,2019-07-02
parsabad,Parsabad,0,AZ,2019-07-02 14:55:43,30,39.65,47.92,86,9.17,2019-07-02
ilulissat,Ilulissat,40,GL,2019-07-02 14:55:43,26,69.22,-51.1,55.4,16.11,2019-07-02
ostrovnoy,Ostrovnoy,100,RU,2019-07-02 14:55:44,58,68.05,39.51,59.78,13.96,2019-07-02
tambacounda,Tambacounda,95,SN,2019-07-02 14:55:44,33,13.77,-13.67,101.18,5.32,2019-07-02
asosa,Asosa,90,ET,2019-07-02 14:46:10,92,10.07,34.53,72.02,3.62,2019-07-02
miramar,Miramar,40,CR,2019-07-02 14:55:44,61,10.09,-84.73,77,14.99,2019-07-02
kalabo,Kalabo,0,ZM,2019-07-02 14:55:44,15,-15,22.67,81.74,9.24,2019-07-02
guerrero negro,Guerrero Negro,0,MX,2019-07-02 14:55:44,83,27.97,-114.04,67.34,16.15,2019-07-02
esperance,Esperance,75,AU,2019-07-02 14:52:27,66,-33.86,121.89,51.8,5.82,2019-07-02
norsup,Norsup,0,VU,2019-07-02 14:55:45,73,-16.07,167.38,77.06,4.72,2019-07-02
havelock,Havelock,1,US,2019-07-02 14:52:23,62,34.88,-76.9,89.01,0.58,2019-07-02
puerto del rosario,Puerto del Rosario,20,ES,2019-07-02 14:55:45,61,28.5,-13.86,78.8,21.92,2019-07-02
loralai,Loralai,0,PK,2019-07-02 14:55:06,34,30.37,68.6,86.78,11.41,2019-07-02
bijie,Bijie,83,CN,2019-07-02 14:55:45,92,27.3,105.3,63.74,2.35,2019-07-02
valparaiso,Valparaiso,40,US,2019-07-02 14:55:46,35,41.47,-87.06,87.01,5.82,2019-07-02
tahoua,Tahoua,3,NE,2019-07-02 14:55:46,39,14.89,5.26,95,11.41,2019-07-02
tiznit,Tiznit,0,MA,2019-07-02 14:55:46,84,29.7,-9.73,66.98,17.78,2019-07-02
gilgit,Gilgit,0,PK,2019-07-02 14:53:42,40,35.92,74.31,55.28,3.38,2019-07-02
camacha,Camacha,75,PT,2019-07-02 14:55:46,64,33.08,-16.33,73.4,18.34,2019-07-02
aitape,Aitape,52,PG,2019-07-02 14:55:47,86,-3.15,142.36,77.78,5.19,2019-07-02
lata,Lata,38,IN,2019-07-02 14:55:47,89,30.78,78.62,42.32,2.91,2019-07-02
axim,Axim,24,GH,2019-07-02 14:55:47,83,4.87,-2.24,79.22,10.96,2019-07-02
padang,Padang,90,ID,2019-07-02 14:55:47,71,-0.92,100.36,84.08,5.26,2019-07-02
joshimath,Joshimath,57,IN,2019-07-02 14:55:47,76,30.57,79.57,59.78,1.25,2019-07-02
yar-sale,Yar-Sale,0,RU,2019-07-02 14:55:47,36,66.83,70.83,79.4,10.76,2019-07-02
taksimo,Taksimo,0,RU,2019-07-02 14:55:48,43,56.36,114.84,59.42,3.31,2019-07-02
takapau,Takapau,98,NZ,2019-07-02 14:55:48,87,-40.02,176.35,46,8.99,2019-07-02
mandan,Mandan,1,US,2019-07-02 14:55:48,83,46.83,-100.89,75,8.05,2019-07-02
chicaman,Chicaman,82,GT,2019-07-02 14:55:48,59,15.4,-90.73,70.04,2.55,2019-07-02
bagdarin,Bagdarin,0,RU,2019-07-02 14:55:48,56,54.44,113.59,58.52,3.22,2019-07-02
geraldton,Geraldton,5,CA,2019-07-02 14:55:49,53,49.72,-86.95,73.4,3.36,2019-07-02
dingle,Dingle,100,PH,2019-07-02 14:55:49,85,11,122.67,74.72,2.59,2019-07-02
pangnirtung,Pangnirtung,75,CA,2019-07-02 14:46:10,61,66.15,-65.72,46.4,5.82,2019-07-02
san rafael,San Rafael,36,AR,2019-07-02 14:52:33,15,-34.61,-68.33,54.2,15.48,2019-07-02
hopelchen,Hopelchen,75,MX,2019-07-02 14:55:49,74,19.77,-89.85,84.2,13.87,2019-07-02
rorvik,Rorvik,75,NO,2019-07-02 14:55:49,75,64.86,11.24,48.2,25.28,2019-07-02
nambour,Nambour,38,AU,2019-07-02 14:55:49,97,-26.63,152.96,57.99,2.75,2019-07-02
hambantota,Hambantota,20,LK,2019-07-02 14:55:28,94,6.12,81.12,82.4,9.17,2019-07-02
kotka,Kotka,20,FI,2019-07-02 14:55:50,82,60.47,26.95,68,6.93,2019-07-02
dakoro,Dakoro,0,NE,2019-07-02 14:55:50,21,14.51,6.76,102.98,1.16,2019-07-02
praia da vitoria,Praia da Vitoria,75,PT,2019-07-02 14:55:50,65,38.73,-27.07,78.8,6.62,2019-07-02
galle,Galle,76,GN,2019-07-02 14:55:50,78,10.08,-12.83,82.46,4.03,2019-07-02
saldanha,Saldanha,0,PT,2019-07-02 14:55:50,23,41.42,-6.55,90.38,1.79,2019-07-02
carutapera,Carutapera,100,BR,2019-07-02 14:55:51,92,-1.2,-46.02,80.3,8.37,2019-07-02
kitimat,Kitimat,75,CA,2019-07-02 14:55:51,82,54.02,-128.69,60.8,9.17,2019-07-02
hobyo,Hobyo,84,SO,2019-07-02 14:55:51,63,5.35,48.53,81.02,29.12,2019-07-02
piterka,Piterka,92,RU,2019-07-02 14:55:51,61,50.68,47.44,81.56,11.92,2019-07-02
jalu,Jalu,0,LY,2019-07-02 14:55:51,15,29.03,21.55,97.22,11.12,2019-07-02
hirosaki,Hirosaki,100,JP,2019-07-02 14:55:51,89,40.61,140.38,66,1.01,2019-07-02
zaprudnya,Zaprudnya,40,RU,2019-07-02 14:55:52,63,56.56,37.43,66.2,17.9,2019-07-02
tabou,Tabou,64,CI,2019-07-02 14:55:52,72,4.42,-7.36,81.92,7.47,2019-07-02
plavinas,Plavinas,21,LV,2019-07-02 14:55:52,91,56.62,25.73,59.42,11.14,2019-07-02
nova olimpia,Nova Olimpia,0,BR,2019-07-02 14:55:40,28,-14.8,-57.29,90.74,7.54,2019-07-02
kuantan,Kuantan,75,MY,2019-07-02 14:55:52,94,3.82,103.33,82.4,0.65,2019-07-02
diamantino,Diamantino,0,BR,2019-07-02 14:55:52,33,-14.4,-56.44,87.5,10.2,2019-07-02
tilichiki,Tilichiki,95,RU,2019-07-02 14:55:53,96,60.47,166.1,44.84,2.48,2019-07-02
mahajanga,Mahajanga,20,MG,2019-07-02 14:55:53,42,-15.72,46.32,86,2.24,2019-07-02
mayo,Mayo,90,CA,2019-07-02 14:55:53,93,63.59,-135.9,57.2,3.36,2019-07-02
saint-denis,Saint-Denis,0,FR,2019-07-02 14:55:53,41,48.94,2.36,78.01,10.29,2019-07-02
kardla,Kardla,20,EE,2019-07-02 14:55:53,63,58.44,26.57,66.2,16.11,2019-07-02
phuket,Phuket,20,TH,2019-07-02 14:55:53,70,7.89,98.4,84.2,8.05,2019-07-02
guiratinga,Guiratinga,0,BR,2019-07-02 14:55:54,27,-16.35,-53.76,87.86,7.67,2019-07-02
la ronge,La Ronge,75,CA,2019-07-02 14:55:54,71,55.1,-105.3,53.6,16.11,2019-07-02
vuktyl,Vuktyl,98,RU,2019-07-02 14:55:54,76,63.86,57.31,67.34,7.94,2019-07-02
mykolayivka,Mykolayivka,0,UA,2019-07-02 14:55:54,43,47.54,30.76,90.74,13.47,2019-07-02
verkhoyansk,Verkhoyansk,100,RU,2019-07-02 14:55:54,74,67.55,133.39,44.84,8.95,2019-07-02
ayaviri,Ayaviri,0,PE,2019-07-02 14:55:55,32,-14.88,-70.59,47.54,4.97,2019-07-02
colares,Colares,40,PT,2019-07-02 14:55:55,64,38.8,-9.45,75.2,14.99,2019-07-02
imeni poliny osipenko,Imeni Poliny Osipenko,100,RU,2019-07-02 14:55:55,84,52.42,136.49,52.58,3.49,2019-07-02
cedar city,Cedar City,1,US,2019-07-02 14:54:18,22,37.68,-113.06,73.99,5.82,2019-07-02
bonavista,Bonavista,100,CA,2019-07-02 14:55:55,99,48.65,-53.11,51.32,5.03,2019-07-02
yinchuan,Yinchuan,32,CN,2019-07-02 14:55:56,24,38.48,106.21,78.01,5.99,2019-07-02
rivne,Rivne,0,UA,2019-07-02 14:55:56,34,50.62,26.25,82.4,13.42,2019-07-02
traralgon,Traralgon,27,AU,2019-07-02 14:55:56,84,-38.19,146.54,48,4,2019-07-02
xining,Xining,88,CN,2019-07-02 14:55:56,81,36.62,101.77,51.14,2.08,2019-07-02
ust-tsilma,Ust-Tsilma,100,RU,2019-07-02 14:55:56,82,65.44,52.15,66.08,6.82,2019-07-02
tessalit,Tessalit,9,ML,2019-07-02 14:55:56,7,20.2,1.01,111.08,9.78,2019-07-02
illapel,Illapel,0,CL,2019-07-02 14:55:57,66,-31.63,-71.17,52.04,8.43,2019-07-02
zhezkazgan,Zhezkazgan,75,KZ,2019-07-02 14:55:57,33,47.8,67.71,73.4,17.9,2019-07-02
hay river,Hay River,75,CA,2019-07-02 14:55:57,87,60.82,-115.79,51.8,17.22,2019-07-02
kiruna,Kiruna,75,SE,2019-07-02 14:55:57,53,67.86,20.23,50,3.36,2019-07-02
isangel,Isangel,0,VU,2019-07-02 14:55:57,64,-19.55,169.27,73.1,6.31,2019-07-02
saint-pierre,Saint-Pierre,0,FR,2019-07-02 14:55:58,33,48.95,4.24,82.4,12.75,2019-07-02
sterling,Sterling,40,US,2019-07-02 14:55:58,55,39,-77.4,86,4.7,2019-07-02
asaba,Asaba,94,NG,2019-07-02 14:55:58,71,6.19,6.75,84.8,6.24,2019-07-02
kaukauna,Kaukauna,75,US,2019-07-02 14:55:58,100,44.28,-88.27,73.99,6.93,2019-07-02
dukat,Dukat,0,AL,2019-07-02 14:55:58,43,40.25,19.57,84.99,1.01,2019-07-02
avera,Avera,1,US,2019-07-02 14:55:59,66,33.19,-82.53,91.99,3.36,2019-07-02
malvern,Malvern,20,GB,2019-07-02 14:55:59,52,52.12,-2.33,69.01,5.82,2019-07-02
solnechnyy,Solnechnyy,92,RU,2019-07-02 14:55:59,85,50.72,136.64,55.46,3.15,2019-07-02
ust-kuyga,Ust-Kuyga,100,RU,2019-07-02 14:55:59,90,70,135.55,38.9,7,2019-07-02
gwadar,Gwadar,6,PK,2019-07-02 14:55:59,81,25.12,62.33,85.7,15.52,2019-07-02
prokopyevsk,Prokopyevsk,70,RU,2019-07-02 14:55:59,95,53.89,86.74,52.4,4.92,2019-07-02
ahuimanu,Ahuimanu,40,US,2019-07-02 14:56:00,88,21.44,-157.84,78.8,8.05,2019-07-02
lebu,Lebu,75,ET,2019-07-02 14:56:00,100,8.96,38.73,57.2,8.05,2019-07-02
ternate,Ternate,75,PH,2019-07-02 14:52:29,78,14.29,120.72,82.99,2.24,2019-07-02
san pedro,San Pedro,63,AR,2019-07-02 14:54:50,64,-33.68,-59.66,55,1.99,2019-07-02
tautira,Tautira,100,PF,2019-07-02 14:56:00,83,-17.73,-149.15,73.4,1.12,2019-07-02
rivera,Rivera,0,UY,2019-07-02 14:56:00,63,-30.9,-55.54,55.28,8.61,2019-07-02
taloqan,Taloqan,0,AF,2019-07-02 14:56:01,17,36.74,69.54,91.46,7.92,2019-07-02
udachnyy,Udachnyy,0,RU,2019-07-02 14:56:01,53,66.42,112.4,50,8.95,2019-07-02
hanmer springs,Hanmer Springs,100,NZ,2019-07-02 14:56:01,91,-42.52,172.83,44.48,7.61,2019-07-02
isla mujeres,Isla Mujeres,20,MX,2019-07-02 14:56:01,70,21.23,-86.73,87.8,5.82,2019-07-02
zaranj,Zaranj,0,AF,2019-07-02 14:56:02,26,30.95,61.86,96.8,40.26,2019-07-02
cockburn town,Cockburn Town,89,TC,2019-07-02 14:51:58,79,21.46,-71.14,81.2,8.05,2019-07-02
chatellerault,Chatellerault,0,FR,2019-07-02 14:56:02,44,46.8,0.53,84,9.17,2019-07-02
pemba,Pemba,22,MZ,2019-07-02 14:56:02,70,-12.97,40.52,77.6,8.52,2019-07-02
kidal,Kidal,0,ML,2019-07-02 14:56:02,5,18.44,1.41,111.62,10.58,2019-07-02
kysyl-syr,Kysyl-Syr,8,RU,2019-07-02 14:56:02,59,63.9,122.77,46.64,9.91,2019-07-02
kupang,Kupang,20,ID,2019-07-02 14:56:03,78,-10.16,123.6,77,14.99,2019-07-02
inta,Inta,84,RU,2019-07-02 14:56:03,52,66.04,60.13,78.68,2.26,2019-07-02
chapada dos guimaraes,Chapada dos Guimaraes,0,BR,2019-07-02 14:54:04,55,-15.46,-55.75,86,5.82,2019-07-02
macusani,Macusani,0,PE,2019-07-02 14:56:03,21,-14.07,-70.43,47.9,1.54,2019-07-02
vestmanna,Vestmanna,27,FO,2019-07-02 14:56:03,62,62.16,-7.17,51.8,18.34,2019-07-02
taltal,Taltal,100,CL,2019-07-02 14:56:03,67,-25.41,-70.49,56.9,5.41,2019-07-02
filadelfia,Filadelfia,75,PY,2019-07-02 14:56:04,58,-22.35,-60.04,71.48,12.08,2019-07-02
moerai,Moerai,42,PF,2019-07-02 14:56:04,74,-22.43,-151.33,69.5,31.09,2019-07-02
satis,Satis,35,RU,2019-07-02 14:56:04,58,54.92,43.23,71.66,7.27,2019-07-02
ceska ves,Ceska Ves,33,CZ,2019-07-02 14:56:04,43,50.26,17.23,82,1.99,2019-07-02
ca mau,Ca Mau,100,VN,2019-07-02 14:54:04,90,9.18,105.15,79.04,5.64,2019-07-02
samarai,Samarai,96,PG,2019-07-02 14:56:04,93,-10.62,150.67,72.38,5.03,2019-07-02
gazojak,Gazojak,0,TM,2019-07-02 14:56:05,21,41.19,61.4,81.92,17.29,2019-07-02
pitogo,Pitogo,100,PH,2019-07-02 14:56:05,80,13.79,122.09,80.12,3.83,2019-07-02
pokhara,Pokhara,100,NP,2019-07-02 14:56:05,95,28.21,83.99,60.32,1.54,2019-07-02
kawalu,Kawalu,100,ID,2019-07-02 14:56:05,95,-7.38,108.21,65.72,2.08,2019-07-02
prince rupert,Prince Rupert,90,CA,2019-07-02 14:56:05,93,54.32,-130.32,55.4,2.24,2019-07-02
merauke,Merauke,100,ID,2019-07-02 14:56:06,80,-8.49,140.4,76.52,18.95,2019-07-02
churapcha,Churapcha,99,RU,2019-07-02 14:56:06,58,62,132.43,50.78,7.56,2019-07-02
nosy varika,Nosy Varika,6,MG,2019-07-02 14:56:06,88,-20.58,48.53,67.16,1.7,2019-07-02
beboto,Beboto,31,TD,2019-07-02 14:56:06,60,8.27,16.94,85.52,5.48,2019-07-02
porbandar,Porbandar,91,IN,2019-07-02 14:55:21,86,21.64,69.61,82.28,12.8,2019-07-02
payo,Payo,45,ID,2019-07-02 14:56:07,97,-3.75,103.64,68.42,2.91,2019-07-02
kipini,Kipini,1,KE,2019-07-02 14:56:07,77,-2.53,40.53,82.4,5.82,2019-07-02
never,Never,6,RU,2019-07-02 14:56:07,80,53.98,124.16,53.3,1.1,2019-07-02
bagotville,Bagotville,75,AU,2019-07-02 14:56:07,93,-28.98,153.42,55.99,3.44,2019-07-02
verkhnyaya toyma,Verkhnyaya Toyma,62,RU,2019-07-02 14:56:07,41,62.24,45,70.04,1.63,2019-07-02
ust-nera,Ust-Nera,88,RU,2019-07-02 14:56:08,88,64.57,143.24,45.74,2.33,2019-07-02
galbshtadt,Galbshtadt,16,RU,2019-07-02 14:56:08,67,53.23,78.98,64.64,8.14,2019-07-02
martapura,Martapura,98,ID,2019-07-02 14:52:10,85,-3.41,114.85,78.68,10.38,2019-07-02
eyl,Eyl,58,SO,2019-07-02 14:56:08,36,7.98,49.82,91.46,24.96,2019-07-02
marawi,Marawi,100,PH,2019-07-02 14:56:08,88,8,124.29,75.99,10,2019-07-02
cachoeiras de macacu,Cachoeiras de Macacu,40,BR,2019-07-02 14:56:09,78,-22.46,-42.65,77,6.93,2019-07-02
nabire,Nabire,59,ID,2019-07-02 14:56:09,99,-3.36,135.5,69.86,2.82,2019-07-02
kirakira,Kirakira,65,SB,2019-07-02 14:52:15,82,-10.46,161.92,77.42,9.06,2019-07-02
kaeo,Kaeo,99,NZ,2019-07-02 14:56:09,95,-35.1,173.78,61,8.01,2019-07-02
jinchang,Jinchang,20,CN,2019-07-02 14:56:09,31,38.52,102.19,73.28,6.98,2019-07-02
sassandra,Sassandra,69,CI,2019-07-02 14:56:09,70,4.95,-6.09,83.72,6.73,2019-07-02
naze,Naze,84,NG,2019-07-02 14:56:10,70,5.43,7.07,85.7,5.55,2019-07-02
maldonado,Maldonado,0,UY,2019-07-02 14:56:10,66,-34.91,-54.96,50,17.22,2019-07-02
zeya,Zeya,31,RU,2019-07-02 14:56:10,96,53.74,127.27,48.8,4.18,2019-07-02
manadhoo,Manadhoo,90,MV,2019-07-02 14:54:50,73,5.77,73.38,83.54,11.3,2019-07-02
yerbogachen,Yerbogachen,90,RU,2019-07-02 14:56:10,72,61.28,108.01,61.22,6.4,2019-07-02
coihaique,Coihaique,20,CL,2019-07-02 14:56:11,99,-45.58,-72.07,39.2,4.7,2019-07-02
idritsa,Idritsa,19,RU,2019-07-02 14:56:11,75,56.33,28.9,65,11.25,2019-07-02
majene,Majene,100,ID,2019-07-02 14:56:11,74,-3.54,118.97,80.48,17.78,2019-07-02
te anau,Te Anau,100,NZ,2019-07-02 14:56:11,92,-45.41,167.72,48.62,1.83,2019-07-02
wieliczka,Wieliczka,20,PL,2019-07-02 14:55:06,39,49.98,20.06,82,13.87,2019-07-02
mbigou,Mbigou,79,GA,2019-07-02 14:56:11,45,-1.9,11.91,87.68,4.29,2019-07-02
kazerun,Kazerun,0,IR,2019-07-02 14:56:11,12,29.62,51.65,99.74,6.08,2019-07-02
aklavik,Aklavik,90,CA,2019-07-02 14:56:04,76,68.22,-135.01,53.6,8.05,2019-07-02
ikwiriri,Ikwiriri,22,TZ,2019-07-02 14:56:12,59,-7.96,38.99,82.64,10.38,2019-07-02
andujar,Andujar,0,ES,2019-07-02 14:52:22,32,38.04,-4.05,91,5.01,2019-07-02
danjiangkou,Danjiangkou,100,CN,2019-07-02 14:56:12,53,32.54,111.51,77.6,1.77,2019-07-02
lokosovo,Lokosovo,0,RU,2019-07-02 14:56:12,58,61.13,74.84,76.88,6.2,2019-07-02
cruzilia,Cruzilia,0,BR,2019-07-02 14:56:12,54,-21.84,-44.81,71.84,5.48,2019-07-02
luang prabang,Luang Prabang,100,LA,2019-07-02 14:56:13,98,19.89,102.14,71.84,2.62,2019-07-02
sompeta,Sompeta,72,IN,2019-07-02 14:56:13,75,18.93,84.6,80.66,5.55,2019-07-02
north bend,North Bend,90,US,2019-07-02 14:56:13,93,43.41,-124.22,59,3.36,2019-07-02
lufilufi,Lufilufi,89,WS,2019-07-02 14:56:13,94,-13.87,-171.6,77,13,2019-07-02
oriximina,Oriximina,98,BR,2019-07-02 14:56:13,67,-1.77,-55.87,85.16,2.35,2019-07-02
nouadhibou,Nouadhibou,0,MR,2019-07-02 14:56:14,64,20.93,-17.03,75.2,19.46,2019-07-02
sadiqabad,Sadiqabad,0,PK,2019-07-02 14:56:14,16,28.31,70.13,107.84,8.32,2019-07-02
saint-augustin,Saint-Augustin,20,CA,2019-07-02 14:56:14,69,45.63,-73.98,79,6.93,2019-07-02
morant bay,Morant Bay,20,JM,2019-07-02 14:56:14,66,17.88,-76.41,86,10.29,2019-07-02
glendive,Glendive,1,US,2019-07-02 14:56:14,77,47.11,-104.71,69.8,10.29,2019-07-02
tagusao,Tagusao,100,PH,2019-07-02 14:56:15,72,9.19,117.81,81.74,5.68,2019-07-02
ambon,Ambon,20,FR,2019-07-02 14:52:40,50,47.55,-2.56,78.01,12.75,2019-07-02
sargur,Sargur,40,IN,2019-07-02 14:56:15,69,11.98,76.42,78.8,16.11,2019-07-02
effingham,Effingham,1,US,2019-07-02 14:56:15,74,39.12,-88.54,87.01,4.7,2019-07-02
the valley,The Valley,40,AI,2019-07-02 14:53:24,70,18.22,-63.06,86,13.87,2019-07-02
kaseda,Kaseda,96,JP,2019-07-02 14:56:15,89,31.42,130.32,73.82,3.18,2019-07-02
wangqing,Wangqing,3,CN,2019-07-02 14:56:16,94,43.31,129.76,54.92,1.88,2019-07-02
kasane,Kasane,0,BW,2019-07-02 14:56:16,15,-17.8,25.16,80.6,6.93,2019-07-02
hasaki,Hasaki,75,JP,2019-07-02 14:56:16,94,35.73,140.83,72,2.24,2019-07-02
bonthe,Bonthe,60,SL,2019-07-02 14:56:16,82,7.53,-12.5,81.38,10.47,2019-07-02
barcelos,Barcelos,93,BR,2019-07-02 14:56:16,84,-0.97,-62.93,78.68,3.04,2019-07-02
marataizes,Marataizes,0,BR,2019-07-02 14:51:37,42,-21.04,-40.82,85.34,1.81,2019-07-02
sinnamary,Sinnamary,52,GF,2019-07-02 14:56:16,81,5.38,-52.96,80.3,15.52,2019-07-02
gillette,Gillette,1,US,2019-07-02 14:56:17,77,44.29,-105.5,68,3.36,2019-07-02
itoman,Itoman,75,JP,2019-07-02 14:56:17,83,26.12,127.67,84.2,16.11,2019-07-02
pavlogradka,Pavlogradka,41,RU,2019-07-02 14:56:17,69,54.2,73.56,66.26,12.28,2019-07-02
yanam,Yanam,90,IN,2019-07-02 14:56:17,83,16.73,82.22,80.6,9.17,2019-07-02
antofagasta,Antofagasta,90,CL,2019-07-02 14:56:17,87,-23.65,-70.4,55.4,3.36,2019-07-02
katobu,Katobu,100,ID,2019-07-02 14:56:18,97,-4.94,122.53,72.02,2.15,2019-07-02
santa fe,Santa Fe,0,AR,2019-07-02 14:51:32,61,-31.62,-60.7,60.01,8.01,2019-07-02
wakkanai,Wakkanai,100,JP,2019-07-02 14:56:18,98,45.41,141.67,53.84,9.37,2019-07-02
kentau,Kentau,100,KZ,2019-07-02 14:56:18,41,43.52,68.5,75.26,6.93,2019-07-02
rawson,Rawson,2,AR,2019-07-02 14:56:18,61,-43.3,-65.11,39.62,29.66,2019-07-02
sao sebastiao,Sao Sebastiao,0,BR,2019-07-02 14:56:18,83,-3.15,-58.36,84.2,3.36,2019-07-02
husavik,Husavik,73,CA,2019-07-02 14:56:19,60,50.56,-96.99,70,10,2019-07-02
oktyabrskiy,Oktyabrskiy,0,RU,2019-07-02 14:56:19,43,55.61,37.97,73.4,11.18,2019-07-02
sao joao da barra,Sao Joao da Barra,0,BR,2019-07-02 14:56:19,48,-21.64,-41.05,82.4,13.87,2019-07-02
qingdao,Qingdao,0,CN,2019-07-02 14:56:19,73,36.09,120.35,73.4,6.71,2019-07-02
beloha,Beloha,0,MG,2019-07-02 14:56:19,62,-25.17,45.06,74.54,8.57,2019-07-02
purpe,Purpe,35,RU,2019-07-02 14:56:20,46,64.48,76.69,78.32,7.27,2019-07-02
matara,Matara,2,BI,2019-07-02 14:56:20,57,-3.48,29.48,62.66,1.41,2019-07-02
diplo,Diplo,0,PK,2019-07-02 14:56:20,58,24.47,69.59,89.48,18.39,2019-07-02
changli,Changli,95,CN,2019-07-02 14:56:20,58,30.54,105.42,80.66,1.79,2019-07-02
nyurba,Nyurba,0,RU,2019-07-02 14:56:20,55,63.29,118.35,51.32,7.92,2019-07-02
micheweni,Micheweni,0,TZ,2019-07-02 14:56:20,76,-4.97,39.83,79.76,16.67,2019-07-02
ban tak,Ban Tak,100,TH,2019-07-02 14:56:21,93,17.04,99.08,70.58,4.52,2019-07-02
mecca,Mecca,24,SA,2019-07-02 14:56:21,25,21.43,39.83,94.7,17.22,2019-07-02
unity,Unity,34,CA,2019-07-02 14:56:21,77,52.44,-109.15,55.99,7,2019-07-02
obo,Obo,46,CF,2019-07-02 14:56:21,90,5.39,26.49,79.94,1.63,2019-07-02
smirnykh,Smirnykh,89,RU,2019-07-02 14:56:21,99,49.74,142.83,43.94,3,2019-07-02
qiongshan,Qiongshan,75,CN,2019-07-02 14:56:22,88,20.01,110.35,82.4,15.66,2019-07-02
inhambane,Inhambane,40,MZ,2019-07-02 14:56:22,57,-23.87,35.38,75.2,13.87,2019-07-02
kattivakkam,Kattivakkam,75,IN,2019-07-02 14:56:22,75,13.22,80.32,89.6,13.87,2019-07-02
taoudenni,Taoudenni,33,ML,2019-07-02 14:56:22,5,22.68,-3.98,115.76,13.33,2019-07-02
nhulunbuy,Nhulunbuy,40,AU,2019-07-02 14:56:22,88,-12.18,136.78,69.8,4.7,2019-07-02
nuuk,Nuuk,75,GL,2019-07-02 14:56:23,66,64.17,-51.74,48.2,2.24,2019-07-02
iaciara,Iaciara,0,BR,2019-07-02 14:56:23,31,-14.1,-46.63,83,5.32,2019-07-02
lasa,Lasa,0,CY,2019-07-02 14:56:23,40,34.92,32.53,87.8,19.46,2019-07-02
carpinteria,Carpinteria,1,US,2019-07-02 14:53:39,77,34.4,-119.52,69.01,3.36,2019-07-02
gorontalo,Gorontalo,100,ID,2019-07-02 14:56:23,88,0.54,123.06,75.26,1.86,2019-07-02
shu,Shu,9,KZ,2019-07-02 14:56:23,16,43.6,73.76,85.16,25.23,2019-07-02
netrakona,Netrakona,76,BD,2019-07-02 14:56:24,88,24.88,90.72,81.56,8.43,2019-07-02
flin flon,Flin Flon,75,CA,2019-07-02 14:56:24,87,54.77,-101.88,50,10.29,2019-07-02
pochutla,Pochutla,40,MX,2019-07-02 14:56:24,69,15.74,-96.47,86,2.46,2019-07-02
gracac,Gracac,0,RS,2019-07-02 14:56:24,41,43.65,20.83,95,5.82,2019-07-02
karoi,Karoi,0,ZW,2019-07-02 14:56:24,34,-16.82,29.68,73.1,3.42,2019-07-02
saint-joseph,Saint-Joseph,0,FR,2019-07-02 14:56:25,62,43.56,6.97,93.2,6.93,2019-07-02
vanimo,Vanimo,11,PG,2019-07-02 14:56:25,77,-2.67,141.3,82.46,6.98,2019-07-02
kishtwar,Kishtwar,3,IN,2019-07-02 14:56:25,61,33.31,75.77,53.48,3.6,2019-07-02
papara,Papara,40,BR,2019-07-02 14:56:25,62,-3.98,-38.73,84.2,16.11,2019-07-02
lar,Lar,0,IR,2019-07-02 14:56:25,12,27.66,54.32,107.6,11.41,2019-07-02
mahanoro,Mahanoro,43,MG,2019-07-02 14:56:26,98,-19.9,48.8,63.56,1.52,2019-07-02
barabai,Barabai,100,ID,2019-07-02 14:56:26,83,-2.59,115.38,78.14,2.62,2019-07-02
touros,Touros,75,BR,2019-07-02 14:53:12,66,-5.2,-35.46,84.2,11.41,2019-07-02
bendigo,Bendigo,27,AU,2019-07-02 14:53:09,63,-36.76,144.28,44.01,2.06,2019-07-02
kalemie,Kalemie,0,CD,2019-07-02 14:56:26,40,-5.95,29.2,78.86,5.7,2019-07-02
broken hill,Broken Hill,0,AU,2019-07-02 14:56:26,45,-31.97,141.45,48.2,7.63,2019-07-02
palana,Palana,100,RU,2019-07-02 14:56:26,92,59.08,159.95,47.54,11.45,2019-07-02
hokitika,Hokitika,100,NZ,2019-07-02 14:56:27,96,-42.72,170.96,55.1,24.61,2019-07-02
villa san giovanni,Villa San Giovanni,0,IT,2019-07-02 14:56:27,30,45.52,9.23,96.01,5.82,2019-07-02
le port,Le Port,100,FR,2019-07-02 14:56:27,85,42.87,1.37,86,5.01,2019-07-02
vardo,Vardo,40,US,2019-07-02 14:56:27,54,39.62,-77.74,84.99,6.93,2019-07-02
oussouye,Oussouye,0,SN,2019-07-02 14:56:27,59,12.49,-16.54,93.2,4.7,2019-07-02
iwaki,Iwaki,100,JP,2019-07-02 14:56:28,95,37.05,140.89,70,3.65,2019-07-02
ubinskoye,Ubinskoye,91,RU,2019-07-02 14:56:28,87,55.31,79.68,65.18,6.44,2019-07-02
vila,Vila,0,IT,2019-07-02 14:56:28,27,45.18,8.4,97,10.29,2019-07-02
salisbury,Salisbury,40,GB,2019-07-02 14:53:24,42,51.07,-1.8,73,10.29,2019-07-02
rockport,Rockport,75,US,2019-07-02 14:56:28,70,28.02,-97.05,88,8.05,2019-07-02
akdepe,Akdepe,75,TM,2019-07-02 14:56:29,24,42.05,59.39,82.4,18.34,2019-07-02
banda aceh,Banda Aceh,82,ID,2019-07-02 14:56:29,70,5.56,95.32,85.34,15.37,2019-07-02
daru,Daru,100,PG,2019-07-02 14:56:29,88,-9.07,143.21,71.84,5.84,2019-07-02
bom jesus,Bom Jesus,0,BR,2019-07-02 14:56:29,30,-9.08,-44.36,88.94,7.81,2019-07-02
